<?xml version="1.0" encoding="UTF-8" ?>
<!DOCTYPE mapper
  PUBLIC "-//mybatis.org//DTD Mapper 3.0//EN"
  "https://mybatis.org/dtd/mybatis-3-mapper.dtd">
<mapper namespace="com.example.demo.bbs.dao.BoardDao">
	
	<resultMap type="com.example.demo.bbs.vo.BoardVO" id="boardVOMap">
		<!-- BoardVO의 고유값 -->
		<id column="ID" property="id" />
		<result column="SUBJECT" property="subject" />
		<result column="CONTENT" property="content" />
		<result column="EMAIL" property="email" />
		<result column="VIEW_CNT" property="viewCnt" />
		<result column="CRT_DT" property="crtDt" />
		<result column="MDFY_DT" property="mdfyDt" />
		<result column="FILE_NAME" property="fileName" />
		<result column="ORIGIN_FILE_NAME" property="originFileName" />
		<association property="memberVO" 
		             javaType="com.example.demo.member.vo.MemberVO">
		    <!-- MemberVO의 고유값 -->
		    <id column="EMAIL" property="email" />
			<result column="NAME" property="name" />
		</association>
	</resultMap>
	
	<select id="getBoardAllCount"
			resultType="_int">
		SELECT COUNT(1)
		  FROM BOARD B
		 INNER JOIN MEMBERS M
		    ON B.EMAIL = M.EMAIL
	</select>
	
	<select id="getAllBoard"
		    resultMap="boardVOMap">
		SELECT B.ID
			 , B.SUBJECT
			 , B.CONTENT
			 , B.EMAIL
			 , B.VIEW_CNT
			 , TO_CHAR(B.CRT_DT, 'YYYY-MM-DD') CRT_DT
			 , TO_CHAR(B.MDFY_DT, 'YYYY-MM-DD') MDFY_DT
			 , B.FILE_NAME
			 , B.ORIGIN_FILE_NAME 
			 , M.NAME
		  FROM BOARD B
		 INNER JOIN MEMBERS M
		    ON B.EMAIL = M.EMAIL
		 ORDER BY B.ID DESC
	</select>
	
	<select id="searchAllBoard"
			parameterType="com.example.demo.bbs.vo.SearchBoardVO"
		    resultMap="boardVOMap">
		SELECT *
		  FROM (SELECT ROWNUM RNUM
				     , S.*
				  FROM (SELECT B.ID
							 , B.SUBJECT
							 , B.CONTENT
							 , B.EMAIL
							 , B.VIEW_CNT
							 , TO_CHAR(B.CRT_DT, 'YYYY-MM-DD') CRT_DT
							 , TO_CHAR(B.MDFY_DT, 'YYYY-MM-DD') MDFY_DT
							 , B.FILE_NAME
							 , B.ORIGIN_FILE_NAME 
							 , M.NAME
						  FROM BOARD B
						 INNER JOIN MEMBERS M
						    ON B.EMAIL = M.EMAIL
						 ORDER BY B.ID DESC) S
				 WHERE ROWNUM <![CDATA[<=]]> (#{pageNo} + 1) * #{listSize} )
		 WHERE RNUM >= #{pageNo} * #{listSize} + 1
	</select>

	<insert id="createNewBoard"
			parameterType="com.example.demo.bbs.vo.BoardVO">
		INSERT INTO BOARD (
		   ID
		 , SUBJECT
		 , CONTENT
		 , EMAIL
		 , VIEW_CNT
		 , CRT_DT
		 , MDFY_DT
		 , FILE_NAME
		 , ORIGIN_FILE_NAME )
		VALUES(
		   SEQ_BOARD_PK.NEXTVAL
		 , #{subject}
		 , #{content}
		 , #{email}
		 , 0
		 , SYSDATE
		 , SYSDATE
		 , #{fileName}
		 , #{originFileName} )
	</insert>
	
	<update id="increaseViewCount"
			parameterType="_int">
		UPDATE BOARD
		   SET VIEW_CNT = VIEW_CNT + 1
		 WHERE ID = #{_parameter}
	</update>
			
	<select id="getOneBoard"
			parameterType="_int"
			resultMap="boardVOMap">
		SELECT B.ID
			 , B.SUBJECT
			 , B.CONTENT
			 , B.EMAIL
			 , B.VIEW_CNT
			 , TO_CHAR(B.CRT_DT, 'YYYY-MM-DD') CRT_DT
			 , TO_CHAR(B.MDFY_DT, 'YYYY-MM-DD') MDFY_DT
			 , B.FILE_NAME
			 , B.ORIGIN_FILE_NAME 
			 , M.NAME
		  FROM BOARD B
		 INNER JOIN MEMBERS M
		    ON B.EMAIL = M.EMAIL
		 WHERE B.ID = #{_parameter}
	</select>
	
	<update id="updateOneBoard"
	 	    parameterType="com.example.demo.bbs.vo.BoardVO">
		UPDATE BOARD
		   SET SUBJECT = #{subject}
		     , CONTENT = #{content}
		     , MDFY_DT = SYSDATE
		     <if test='fileName != null and fileName != ""'>
		     , FILE_NAME = #{fileName}
		     , ORIGIN_FILE_NAME = #{originFileName}
		     </if>
		 WHERE ID = #{id}
	</update>
	
	<delete id="deleteOneBoard"
			parameterType="_int">
		DELETE 
		  FROM BOARD
		 WHERE ID = #{_parameter}		
	</delete>
	
</mapper>